1,10200690,(Crew)Nasi + 2 Chiken Skin + Topping Manis + 1 Cup Es Teh,MAKAN KARYAWAN,2
2,10200590,(Crew)Nasi + Tahu Crispy + Terong + Topping Matah + 1 Cup Es Teh,MAKAN KARYAWAN,0
3,10200490,(Crew)Nasi + Telur + Tempe Crispy + Topping Goang + 1 Cup Es Teh,MAKAN KARYAWAN,0
4,10711093,(Driver)Paket Ayam Crispy + Lalab + Es Teh Online,GO FOOD,0
5,10711094,(Driver)Paket Crispy Es Teh Manis + Lalab,GRABFOOD,0
6,10711090,(Makan Driver) Paket Ayam Crispy + Nasi + Es Teh Manis,DINE IN,0
7,10201590,(Paket 1 Karyawan T.Manis) Nasi+2 Chiken Skin+Es Teh Manis,MAKAN KARYAWAN,2
8,10201290,(Paket 1 Karyawan T.Matah) Nasi+2 Chiken Skin+Es Teh Manis,MAKAN KARYAWAN,2
9,10202590,(Paket 2 Karyawan T.Manis) Nasi+Tempe+Tahu+Es Teh Manis,MAKAN KARYAWAN,0
10,10202290,(Paket 2 Karyawan T.Matah) Nasi+Tempe+Tahu+Es Teh Manis,MAKAN KARYAWAN,0
11,10203590,(Paket 3 Karyawan T.Manis) Nasi+3 Terong+Tempe+Es Teh Manis,MAKAN KARYAWAN,0
12,10203290,(Paket 3 Karyawan T.Matah) Nasi+3 Terong+Tempe+Es Teh Manis,MAKAN KARYAWAN,0
13,10911290,2 Ayam Crisbar + 2 Nasi + 2 Es Teh + Tote Bag,DINE IN,0
14,10911292,2 Ayam Crisbar + 2 Nasi + 2 Es Teh + Tote Bag,SURPLUS,0
15,10911293,2 Ayam Crisbar + 2 Nasi + 2 Es Teh + Tote Bag,GO FOOD,0
16,10911294,2 Ayam Crisbar + 2 Nasi + 2 Es Teh + Tote Bag,GRABFOOD,0
17,10911390,2 Ayam Crisbar + 2 Nasi + 2 Es Teh + Tumbler,DINE IN,0
18,10911392,2 Ayam Crisbar + 2 Nasi + 2 Es Teh + Tumbler,TAKE AWAY,0
19,10911393,2 Ayam Crisbar + 2 Nasi + 2 Es Teh + Tumbler,GO FOOD,0
20,10911394,2 Ayam Crisbar + 2 Nasi + 2 Es Teh + Tumbler,GRABFOOD,0
21,10911260,2 Ayam Crisbar + 2 Nasi + 2 Lemon + Tote Bag,DINE IN,0
22,10911262,2 Ayam Crisbar + 2 Nasi + 2 Lemon + Tote Bag,TAKE AWAY,0
23,10911263,2 Ayam Crisbar + 2 Nasi + 2 Lemon + Tote Bag,GO FOOD,0
24,10911264,2 Ayam Crisbar + 2 Nasi + 2 Lemon + Tote Bag,GRABFOOD,0
25,10911360,2 Ayam Crisbar + 2 Nasi + 2 Lemon + Tumbler,DINE IN,0
26,10911362,2 Ayam Crisbar + 2 Nasi + 2 Lemon + Tumbler,TAKE AWAY,0
27,10911363,2 Ayam Crisbar + 2 Nasi + 2 Lemon + Tumbler,GO FOOD,0
28,10911364,2 Ayam Crisbar + 2 Nasi + 2 Lemon + Tumbler,GRABFOOD,0
29,10911270,2 Ayam Crisbar + 2 Nasi + 2 Milo + Tote Bag,DINE IN,0
30,10911272,2 Ayam Crisbar + 2 Nasi + 2 Milo + Tote Bag,TAKE AWAY,0
31,10911273,2 Ayam Crisbar + 2 Nasi + 2 Milo + Tote Bag,GO FOOD,0
32,10911274,2 Ayam Crisbar + 2 Nasi + 2 Milo + Tote Bag,GRABFOOD,0
33,10911370,2 Ayam Crisbar + 2 Nasi + 2 Milo + Tumbler,DINE IN,0
34,10911372,2 Ayam Crisbar + 2 Nasi + 2 Milo + Tumbler,TAKE AWAY,0
35,10911373,2 Ayam Crisbar + 2 Nasi + 2 Milo + Tumbler,GO FOOD,0
36,10911374,2 Ayam Crisbar + 2 Nasi + 2 Milo + Tumbler,GRABFOOD,0
37,10911280,2 Ayam Crisbar + 2 Nasi + 2 Orange + Tote Bag,DINE IN,0
38,10911282,2 Ayam Crisbar + 2 Nasi + 2 Orange + Tote Bag,TAKE AWAY,0
39,10911283,2 Ayam Crisbar + 2 Nasi + 2 Orange + Tote Bag,GO FOOD,0
40,10911284,2 Ayam Crisbar + 2 Nasi + 2 Orange + Tote Bag,GRABFOOD,0
41,10911380,2 Ayam Crisbar + 2 Nasi + 2 Orange + Tumbler,DINE IN,0
42,10911382,2 Ayam Crisbar + 2 Nasi + 2 Orange + Tumbler,TAKE AWAY,0
43,10911383,2 Ayam Crisbar + 2 Nasi + 2 Orange + Tumbler,GO FOOD,0
44,10911384,2 Ayam Crisbar + 2 Nasi + 2 Orange + Tumbler,GRABFOOD,0
45,10310203,2 Ayam Crisbar + 3 Ayam Sambal Mix,GO FOOD,0
46,10310204,2 Ayam Crisbar + 3 Ayam Sambal Mix,GRABFOOD,0
47,10310202,2 Ayam Crisbar + 3 Ayam Sambal Mix,TAKE AWAY,0
48,10311094,3 Ayam Crisbar + 3 Nasi + 3 Es Teh,GRABFOOD,0
49,10311190,3 Ayam Crisbar + 3 Nasi + 3 Es Teh,DINE IN,0
50,10311193,3 Ayam Crisbar + 3 Nasi + 3 Es Teh,GO FOOD,0
51,10311192,3 Ayam Crisbar + 3 Nasi + 3 Es Teh Take Away,TAKE AWAY,0
52,10311164,3 Ayam Crisbar + 3 Nasi + 3 LemonTea/Lemonade,GRABFOOD,0
53,10311163,3 Ayam Crisbar + 3 Nasi + 3 LemonTea/Lemonade,GO FOOD,0
54,10311173,3 Ayam Crisbar + 3 Nasi + 3 Milo,GO FOOD,0
55,10311174,3 Ayam Crisbar + 3 Nasi + 3 Milo,GRABFOOD,0
56,10311184,3 Ayam Crisbar + 3 Nasi + 3 Orange,GRABFOOD,0
57,10311183,3 Ayam Crisbar + 3 Nasi + 3 Orange,GO FOOD,0
58,10312094,3 Ayam Crisbee Gravy + 3 Nasi + 3 Es Teh,GRABFOOD,0
59,10311093,3 Ayam Crispy + 3 Nasi + 3 Es Teh,GO FOOD,0
60,10211894,3 Ayam Crispy + 3 Nasi + 3 Es Teh,GRABFOOD,0
61,10311063,3 Ayam Crispy + 3 Nasi + 3 LemonTea/Lemonade,GO FOOD,0
62,10311064,3 Ayam Crispy + 3 Nasi + 3 LemonTea/Lemonade,GRABFOOD,0
63,10311073,3 Ayam Crispy + 3 Nasi + 3 Milo,GO FOOD,0
64,10311074,3 Ayam Crispy + 3 Nasi + 3 Milo,GRABFOOD,0
65,10311084,3 Ayam Crispy + 3 Nasi + 3 Orange,GRABFOOD,0
66,10311083,3 Ayam Crispy + 3 Nasi + 3 Orange,GO FOOD,0
67,10311090,3 Ayam Crispy+ 3 Nasi + 3 Es Teh,DINE IN,0
68,10311092,3 Ayam Crispy+ 3 Nasi + 3 Es Teh Take Away,TAKE AWAY,0
69,70000100,3 Kol Crispy,DINE IN,0
70,70000104,3 Kol Crispy Online,GRABFOOD,0
71,70000103,3 Kol Crispy Online,GO FOOD,0
72,70000102,3 Kol Crispy Take Away,TAKE AWAY,0
73,10310103,4 Ayam Crisbar Original/Geprek Ala Carte,GO FOOD,0
74,10310104,4 Ayam Crisbar Original/Geprek Ala Carte,GRABFOOD,0
75,10310102,4 Ayam Crisbar Original/Geprek Ala Carte,TAKE AWAY,0
76,10310100,4 Ayam Crisbar Original/Geprek Ala Carte,DINE IN,0
77,10310000,4 Ayam Crispy Original/Geprek Ala Carte,DINE IN,0
78,10310003,4 Ayam Crispy Original/Geprek Ala Carte,GO FOOD,0
79,10310004,4 Ayam Crispy Original/Geprek Ala Carte,GRABFOOD,0
80,10310002,4 Ayam Crispy Original/Geprek Ala Carte,TAKE AWAY,0
81,10911400,4 Ayam Crispy Original/Geprek Ala Carte + Tote bag,DINE IN,0
82,10911402,4 Ayam Crispy Original/Geprek Ala Carte + Tote bag,TAKE AWAY,0
83,10911403,4 Ayam Crispy Original/Geprek Ala Carte + Tote bag,GO FOOD,0
84,10911404,4 Ayam Crispy Original/Geprek Ala Carte + Tote bag,GRABFOOD,0
85,10911500,4 Ayam Crispy Original/Geprek Ala Carte + Tumbler,DINE IN,0
86,10911502,4 Ayam Crispy Original/Geprek Ala Carte + Tumbler,TAKE AWAY,0
87,10911503,4 Ayam Crispy Original/Geprek Ala Carte + Tumbler,GO FOOD,0
88,10911504,4 Ayam Crispy Original/Geprek Ala Carte + Tumbler,GRABFOOD,0
89,10011100,Ayam Crisbar,DINE IN,0
90,10910700,Ayam Crisbar Matah,DINE IN,0
91,10910702,Ayam Crisbar Matah Takeaway,TAKE AWAY,0
92,10011103,Ayam Crisbar Online,GO FOOD,0
93,10011104,Ayam Crisbar Online,GRABFOOD,0
94,10011102,Ayam Crisbar Take Away,TAKE AWAY,0
95,10012004,Ayam Crisbee Gravy,GRABFOOD,0
96,10012003,Ayam Crisbee Gravy,GO FOOD,0
97,10012000,Ayam Crisbee Gravy,DINE IN,0
98,10012002,Ayam Crisbee Gravy,TAKE AWAY,0
99,10010000,Ayam Crispy,DINE IN,0
100,10011000,Ayam Crispy Geprek,DINE IN,0
101,10011004,Ayam Crispy Geprek Online,GRABFOOD,0
102,10011003,Ayam Crispy Geprek Online,GO FOOD,0
103,10011002,Ayam Crispy Geprek Take Away,TAKE AWAY,0
104,10010003,Ayam Crispy Online,GO FOOD,0
105,10010004,Ayam Crispy Online,GRABFOOD,0
106,10010002,Ayam Crispy Take Away,TAKE AWAY,0
107,10011700,Ayam Goang,DINE IN,0
108,10011704,Ayam Goang Online,GRABFOOD,0
109,10011703,Ayam Goang Online,GO FOOD,0
110,10011702,Ayam Goang Take Away,TAKE AWAY,0
111,10011500,Ayam Keju,DINE IN,0
112,10011503,Ayam Keju Online,GO FOOD,0
113,10011504,Ayam Keju Online,GRABFOOD,0
114,10011502,Ayam Keju Take Away,TAKE AWAY,0
115,10011300,Ayam Mamah,DINE IN,0
116,10011304,Ayam Mamah Online,GRABFOOD,0
117,10011303,Ayam Mamah Online,GO FOOD,0
118,10011302,Ayam Mamah Take Away,TAKE AWAY,0
119,10011600,Ayam Manis,DINE IN,0
120,10011604,Ayam Manis Online,GRABFOOD,0
121,10011603,Ayam Manis Online,GO FOOD,0
122,10011602,Ayam Manis Take Away,TAKE AWAY,0
123,10011200,Ayam Matah,DINE IN,0
124,10011204,Ayam Matah Online,GRABFOOD,0
125,10011203,Ayam Matah Online,GO FOOD,0
126,10011202,Ayam Matah Take Away,TAKE AWAY,0
127,1001212,Ayam Saos BBQ Cheese Take Away,TAKE AWAY,0
128,10012102,Ayam Saos BBQ Cheese Take Away,TAKE AWAY,0
129,10012202,Ayam Saos Gravy Take Away,TAKE AWAY,0
130,1001222,Ayam Saos Gravy Take Away,TAKE AWAY,0
131,10011400,Ayam Tomat,DINE IN,0
132,10011404,Ayam Tomat Online,GRABFOOD,0
133,10011403,Ayam Tomat Online,GO FOOD,0
134,10011402,Ayam Tomat Take Away,TAKE AWAY,0
135,10911590,Bantai Bersama,DINE IN,2
136,10910294,Bantai Spesial Juara Es Teh,GRABFOOD,2
137,10910264,Bantai Spesial Juara Lemon,GRABFOOD,2
138,10910274,Bantai Spesial Juara Milo,GRABFOOD,2
139,10910284,Bantai Spesial Juara Orange,GRABFOOD,2
140,10912890,Buy 1 Crisbee Es Teh Free 1 Crisbar Es Teh,DINE IN,0
141,10912893,Buy 1 Crisbee Es Teh Free 1 Crisbar Es Teh Online,GO FOOD,0
142,10912894,Buy 1 Crisbee Es Teh Free 1 Crisbar Es Teh Online,GRABFOOD,0
143,10912892,Buy 1 Crisbee Es Teh Free 1 Crisbar Es Teh Takeaway,TAKE AWAY,0
144,10912864,Buy 1 Crisbee Lemon Free 1 Crisbar Es Teh Online,GRABFOOD,0
145,10912863,Buy 1 Crisbee Lemon Free 1 Crisbar Es Teh Online,GO FOOD,0
146,10912874,Buy 1 Crisbee Milo Free 1 Crisbar Es Teh Online,GRABFOOD,0
147,10912873,Buy 1 Crisbee Milo Free 1 Crisbar Es Teh Online,GO FOOD,0
148,10912884,Buy 1 Crisbee Orange Free 1 Crisbar Es Teh Online,GRABFOOD,0
149,10912883,Buy 1 Crisbee Orange Free 1 Crisbar Es Teh Online,GO FOOD,0
150,10910590,Cheese Berdua,DINE IN,0
151,70000050,Chiken Skin,DINE IN
152,70000053,Chiken Skin Crispy Online,GO FOOD,2
153,70000054,Chiken Skin Crispy Online,GRABFOOD,2
154,70000052,Chiken Skin Crispy Take Away,TAKE AWAY,2
155,30010000,Chiken Skin Member,MEMBER,2
156,10611490,Crisbar + Es Teh + 1 Porsi Kol Crispy,DINE IN,0
157,10611493,Crisbar + Es Teh + 1 Porsi Kol Crispy,GO FOOD,0
158,10611494,Crisbar + Es Teh + 1 Porsi Kol Crispy,GRABFOOD,0
159,10611492,Crisbar + Es Teh + 1 Porsi Kol Crispy Take Away,TAKE AWAY,0
160,10311494,Crisbar + Es Teh + 2 Kulit + Gratis Pudding,GRABFOOD,2
161,10611194,Crisbar + Es Teh + Gratis 2 Kulit,GRABFOOD,2
162,10611193,Crisbar + Es Teh + Gratis 2 Kulit,GO FOOD,2
163,10611190,Crisbar + Es Teh + Gratis 2 Kulit,DINE IN,2
164,10611192,Crisbar + Es Teh + Gratis 2 Kulit Take Away,TAKE AWAY,2
165,10611294,Crisbar + Es Teh + Gratis Tahu dan Tempe,GRABFOOD,0
166,10611290,Crisbar + Es Teh + Gratis Tahu dan Tempe,DINE IN,0
167,10611292,Crisbar + Es Teh + Gratis Tahu dan Tempe Take Away,TAKE AWAY,0
168,10611293,Crisbar + Es Teh + Gratis Tahu Tempe,GO FOOD,0
169,10311594,Crisbar + Es Teh + Tahu dan Tempe + Gratis Pudding,GRABFOOD,0
170,10611264,Crisbar + Lemontea/Lemonade + Gratis Tahu dan Tempe,GRABFOOD,0
171,10611263,Crisbar + Lemontea/Lemonade + Gratis Tahu dan Tempe,GO FOOD,0
172,10611260,Crisbar + Lemontea/Lemonade + Gratis Tahu dan Tempe,DINE IN,0
173,10611262,Crisbar + Lemontea/Lemonade + Gratis Tahu dan Tempe Take Away,TAKE AWAY,0
174,10311564,Crisbar + Lemontea/Lemonade + Tahu dan Tempe + Gratis Pudding,GRABFOOD,0
175,10611460,Crisbar + LemoTea/Lemonade + 1 Porsi Kol Crispy,DINE IN,0
176,10611463,Crisbar + LemoTea/Lemonade + 1 Porsi Kol Crispy,GO FOOD,0
177,10611464,Crisbar + LemoTea/Lemonade + 1 Porsi Kol Crispy,GRABFOOD,0
178,10611462,Crisbar + LemoTea/Lemonade + 1 Porsi Kol Crispy Take Away,TAKE AWAY,0
179,10311464,Crisbar + LemoTea/Lemonade + 2 Kulit + Gratis Pudding,GRABFOOD,2
180,10611163,Crisbar + LemoTea/Lemonade + Gratis 2 Kulit,GO FOOD,2
181,10611160,Crisbar + LemoTea/Lemonade + Gratis 2 Kulit,DINE IN,2
182,10611164,Crisbar + LemoTea/Lemonade + Gratis 2 Kulit,GRABFOOD,2
183,10611162,Crisbar + LemoTea/Lemonade + Gratis 2 Kulit Take Away,TAKE AWAY,2
184,10611470,Crisbar + Milo + 1 Porsi Kol Crispy,DINE IN,0
185,10611473,Crisbar + Milo + 1 Porsi Kol Crispy,GO FOOD,0
186,10611474,Crisbar + Milo + 1 Porsi Kol Crispy,GRABFOOD,0
187,10611472,Crisbar + Milo + 1 Porsi Kol Crispy Take Away,TAKE AWAY,0
188,10311474,Crisbar + Milo + 2 Kulit + Gratis Pudding,GRABFOOD,2
189,10611174,Crisbar + Milo + Gratis 2 Kulit,GRABFOOD,2
190,10611170,Crisbar + Milo + Gratis 2 Kulit,DINE IN,2
191,10611173,Crisbar + Milo + Gratis 2 Kulit,GO FOOD,2
192,10611172,Crisbar + Milo + Gratis 2 Kulit Take Away,TAKE AWAY,2
193,10611270,Crisbar + Milo + Gratis Tahu dan Tempe,DINE IN,0
194,10611274,Crisbar + Milo + Gratis Tahu dan Tempe,GRABFOOD,0
195,10611272,Crisbar + Milo + Gratis Tahu dan Tempe Take Away,TAKE AWAY,0
196,10611273,Crisbar + Milo + Gratis Tahu Tempe,GO FOOD,0
197,10311574,Crisbar + Milo + Tahu dan Tempe + Gratis Pudding,GRABFOOD,0
198,10911090,Crisbar + Nasi + Es Teh + 2 Chiken Skin + Tote Bag,DINE IN,2
199,10911092,Crisbar + Nasi + Es Teh + 2 Chiken Skin + Tote Bag,TAKE AWAY,2
200,10911093,Crisbar + Nasi + Es Teh + 2 Chiken Skin + Tote Bag,GO FOOD,2
201,10911094,Crisbar + Nasi + Es Teh + 2 Chiken Skin + Tote Bag,GRABFOOD,2
202,10911190,Crisbar + Nasi + Es Teh + 2 Chiken Skin + Tumbler,DINE IN,2
203,10911192,Crisbar + Nasi + Es Teh + 2 Chiken Skin + Tumbler,TAKE AWAY,2
204,10911193,Crisbar + Nasi + Es Teh + 2 Chiken Skin + Tumbler,GO FOOD,2
205,10911194,Crisbar + Nasi + Es Teh + 2 Chiken Skin + Tumbler,GRABFOOD,2
206,10911060,Crisbar + Nasi + Lemon + 2 Chiken Skin + Tote Bag,DINE IN,2
207,10911062,Crisbar + Nasi + Lemon + 2 Chiken Skin + Tote Bag,TAKE AWAY,2
208,10911063,Crisbar + Nasi + Lemon + 2 Chiken Skin + Tote Bag,GO FOOD,2
209,10911064,Crisbar + Nasi + Lemon + 2 Chiken Skin + Tote Bag,GRABFOOD,2
210,10911160,Crisbar + Nasi + Lemon + 2 Chiken Skin + Tumbler,DINE IN,2
211,10911162,Crisbar + Nasi + Lemon + 2 Chiken Skin + Tumbler,TAKE AWAY,2
212,10911163,Crisbar + Nasi + Lemon + 2 Chiken Skin + Tumbler,GO FOOD,2
213,10911164,Crisbar + Nasi + Lemon + 2 Chiken Skin + Tumbler,GRABFOOD,2
214,10911070,Crisbar + Nasi + Milo + 2 Chiken Skin + Tote Bag,DINE IN,2
215,10911072,Crisbar + Nasi + Milo + 2 Chiken Skin + Tote Bag,TAKE AWAY,2
216,10911073,Crisbar + Nasi + Milo + 2 Chiken Skin + Tote Bag,GO FOOD,2
217,10911074,Crisbar + Nasi + Milo + 2 Chiken Skin + Tote Bag,GRABFOOD,2
218,10911170,Crisbar + Nasi + Milo + 2 Chiken Skin + Tumbler,DINE IN,2
219,10911172,Crisbar + Nasi + Milo + 2 Chiken Skin + Tumbler,TAKE AWAY,2
220,10911173,Crisbar + Nasi + Milo + 2 Chiken Skin + Tumbler,GO FOOD,2
221,10911174,Crisbar + Nasi + Milo + 2 Chiken Skin + Tumbler,GRABFOOD,2
222,10911080,Crisbar + Nasi + Orange + 2 Chiken Skin + Tote Bag,DINE IN,2
223,10911082,Crisbar + Nasi + Orange + 2 Chiken Skin + Tote Bag,TAKE AWAY,2
224,10911083,Crisbar + Nasi + Orange + 2 Chiken Skin + Tote Bag,GO FOOD,2
225,10911084,Crisbar + Nasi + Orange + 2 Chiken Skin + Tote Bag,GRABFOOD,2
226,10911180,Crisbar + Nasi + Orange + 2 Chiken Skin + Tumbler,DINE IN,2
227,10911182,Crisbar + Nasi + Orange + 2 Chiken Skin + Tumbler,TAKE AWAY,2
228,10911183,Crisbar + Nasi + Orange + 2 Chiken Skin + Tumbler,GO FOOD,2
229,10911184,Crisbar + Nasi + Orange + 2 Chiken Skin + Tumbler,GRABFOOD,2
230,10611480,Crisbar + Orange + 1 Porsi Kol Crispy,DINE IN,0
231,10611483,Crisbar + Orange + 1 Porsi Kol Crispy,GO FOOD,0
232,10611484,Crisbar + Orange + 1 Porsi Kol Crispy,GRABFOOD,0
233,10611482,Crisbar + Orange + 1 Porsi Kol Crispy Take Away,TAKE AWAY,0
234,10311484,Crisbar + Orange + 2 Kulit + Gratis Pudding,GRABFOOD,2
235,10611184,Crisbar + Orange + Gratis 2 Kulit,GRABFOOD,2
236,10611183,Crisbar + Orange + Gratis 2 Kulit,GO FOOD,2
237,10611180,Crisbar + Orange + Gratis 2 Kulit,DINE IN,2
238,10611182,Crisbar + Orange + Gratis 2 Kulit Take Away,TAKE AWAY,2
239,10611284,Crisbar + Orange + Gratis Tahu dan Tempe,GRABFOOD,0
240,10611283,Crisbar + Orange + Gratis Tahu dan Tempe,GO FOOD,0
241,10611280,Crisbar + Orange + Gratis Tahu dan Tempe,DINE IN,0
242,10611282,Crisbar + Orange + Gratis Tahu dan Tempe Take Away,TAKE AWAY,0
243,10311584,Crisbar + Orange + Tahu dan Tempe + Gratis Pudding,GRABFOOD,0
244,10311444,Crisbar + Sjora + 2 Kulit + Gratis Pudding,GRABFOOD,2
245,10611144,Crisbar + Sjora + Gratis 2 Kulit Chiken Skin,GRABFOOD,2
246,10611244,Crisbar + Sjora + Gratis Tahu dan Tempe,GRABFOOD,0
247,10311544,Crisbar + Sjora + Tahu dan Tempe + Gratis Pudiing,GRABFOOD,0
248,10913104,Crisbarbar + 2 Sigulmer,GRABFOOD,0
249,10913103,Crisbarbar + 2 Sigulmer,GO FOOD,0
250,10913100,Crisbarbar + 2 Sigulmer,DINE IN,0
251,10913102,Crisbarbar + 2 Sigulmer,TAKE AWAY,0
252,10311994,Crispy + Es Teh + 2 Kulit + Gratis Pudding,GRABFOOD,2
253,10611094,Crispy + Es Teh + Gratis 2 Kulit,GRABFOOD,2
254,10611093,Crispy + Es Teh + Gratis 2 Kulit,GO FOOD,2
255,10611090,Crispy + Es Teh + Gratis 2 Kulit,DINE IN,2
256,10611092,Crispy + Es Teh + Gratis 2 Kulit Take Away,TAKE AWAY,2
257,10611064,Crispy + LemonTea/Lemonade + Gratis 2 Kulit,GRABFOOD,2
258,10611063,Crispy + LemonTea/Lemonade + Gratis 2 Kulit,GO FOOD,2
259,10611060,Crispy + LemonTea/Lemonade + Gratis 2 Kulit,DINE IN,2
260,10611062,Crispy + LemonTea/Lemonade + Gratis 2 Kulit Take Away,TAKE AWAY,2
261,10611073,Crispy + Milo + Gratis 2 Kulit,GO FOOD,2
262,10611074,Crispy + Milo + Gratis 2 Kulit,GRABFOOD,2
263,10611070,Crispy + Milo + Gratis 2 Kulit,DINE IN,2
264,10611072,Crispy + Milo + Gratis 2 Kulit Take Away,TAKE AWAY,2
265,10611084,Crispy + Orange + Gratis 2 Kulit,GRABFOOD,2
266,10611083,Crispy + Orange + Gratis 2 Kulit,GO FOOD,2
267,10611080,Crispy + Orange + Gratis 2 Kulit,DINE IN,2
268,10611082,Crispy + Orange + Gratis 2 Kulit Take Away,TAKE AWAY,2
269,10913200,Crispybarbar + 2 Sigulmer,DINE IN,0
270,10913202,Crispybarbar + 2 Sigulmer,TAKE AWAY,0
271,10913204,Crispybarbar + 2 Sigulmer,GRABFOOD,0
272,10913203,Crispybarbar + 2 Sigulmer,GO FOOD,0
273,80000090,Es Teh Manis,DINE IN,0
274,80000093,Es Teh Manis Online,GO FOOD,0
275,80000094,Es Teh Manis Online,GRABFOOD,0
276,80000092,Es Teh Manis Take Away,TAKE AWAY,0
277,10911014,Free Promo But 1 Get 1 Nikmat Crispy,GRABFOOD,0
278,1031114,Frozen Ayam Crisbar,GRABFOOD,0
279,1031113,Frozen Ayam Geprek Crisbar,GO FOOD,0
280,1031133,Frozen Ayam Sambal Mamah,GO FOOD,0
281,1031134,Frozen Ayam Sambal Mamah,GRABFOOD,0
282,1031110,Frozen Crisbar,DINE IN,0
283,1031130,Frozen Sambal Mamah,DINE IN,0
284,10911690,Hari Wanita - Paket Puas Manis + Free Kol Crispy,DINE IN,0
285,70000080,Kerupuk,DINE IN,0
286,70000083,Kerupuk Online,GO FOOD,0
287,70000084,Kerupuk Online,GRABFOOD,0
288,20010000,Kotak Packaging L,TAKE AWAY,0
289,20011000,Kotak Packaging M,TAKE AWAY,0
290,20001000,Kresek M,TAKE AWAY,0
291,20002000,Kresek S,TAKE AWAY,0
292,70000060,Kuah Tongseng,DINE IN,0
293,70000062,Kuah Tongseng Take Away,TAKE AWAY,0
294,80000060,Lemon Tea,DINE IN,0
295,80000064,Lemon Tea Online,GRABFOOD,0
296,80000063,Lemon Tea Online,GO FOOD,0
297,80000062,Lemon Tea Take Away,TAKE AWAY,0
298,80000050,Lemonade,DINE IN,0
299,80000054,Lemonade Online,GRABFOOD,0
300,80000053,Lemonade Online,GO FOOD,0
301,80000052,Lemonade Take Away,TAKE AWAY,0
302,10000,Level 1-5 Dine In Takeaway,DINE IN,0
303,10001,Level 1-5 Online,GO FOOD,0
304,10009,Level Gofood,GO FOOD,0
305,10008,Level Grabfood,GRABFOOD,0
306,10003,Level Max Online,GO FOOD,0
307,10910690,Manis Berdua,DINE IN,0
308,80000070,Milo,DINE IN,0
309,80000073,Milo Online,GO FOOD,0
310,80000074,Milo Online,GRABFOOD,0
311,80000072,Milo Take Away,TAKE AWAY,0
312,70000000,Nasi,DINE IN,0
313,10111104,Nasi Ayam Crisbar,GRABFOOD,0
314,10111103,Nasi Ayam Crisbar,GO FOOD,0
315,10112004,Nasi Ayam Crisbee Gravy,GRABFOOD,0
316,10112003,Nasi Ayam Crisbee Gravy,GO FOOD,0
317,10111004,Nasi Ayam Crispy,GRABFOOD,0
318,10111003,Nasi Ayam Crispy,GO FOOD,0
319,10111704,Nasi Ayam Goang,GRABFOOD,0
320,10111703,Nasi Ayam Goang,GO FOOD,0
321,10111504,Nasi Ayam Keju,GRABFOOD,0
322,10111503,Nasi Ayam Keju,GO FOOD,0
323,10111304,Nasi Ayam Mamah,GRABFOOD,0
324,10111303,Nasi Ayam Mamah,GO FOOD,0
325,10111604,Nasi Ayam Manis,GRABFOOD,0
326,10111603,Nasi Ayam Manis,GO FOOD,0
327,10111204,Nasi Ayam Matah,GRABFOOD,0
328,10111203,Nasi Ayam Matah,GO FOOD,0
329,10111404,Nasi Ayam Tomat,GRABFOOD,0
330,10111403,Nasi Ayam Tomat,GO FOOD,0
331,70000003,Nasi Gofood,GO FOOD,0
332,70000004,Nasi Grabfood,GRABFOOD,0
333,70000002,Nasi Take Away,TAKE AWAY,0
334,70000070,Nugget,DINE IN,0
335,70000072,Nugget Take Away,TAKE AWAY,0
336,80000080,Orange,DINE IN,0
337,80000083,Orange Online,GO FOOD,0
338,80000084,Orange Online,GRABFOOD,0
339,80000082,Orange Take Away,TAKE AWAY,0
340,10611394,P.Crisbar+P.Keju+2 Es Teh+Gratis 2 Tempe 4 Kulit,GRABFOOD,4
341,10611393,P.Crisbar+P.Keju+2 Es Teh+Gratis 2 Tempe 4 Kulit Chiken Skin,GO FOOD,4
342,10611364,P.Crisbar+P.Keju+2 LemonTea/Lemonade+Gratis 2 Tempe 4 Kulit,GRABFOOD,4
343,10611363,P.Crisbar+P.Keju+2 LemonTea/Lemonade+Gratis 2 Tempe 4 Kulit,GO FOOD,4
344,10611374,P.Crisbar+P.Keju+2 Milo+Gratis 2 Tempe 2 Kulit,GRABFOOD,4
345,10611373,P.Crisbar+P.Keju+2 Milo+Gratis 2 Tempe 4 Chiken Skin,GO FOOD,4
346,10611384,P.Crisbar+P.Keju+2 Orange+Gratis 2 Tempe 2 Kulit,GRABFOOD,4
347,10611383,P.Crisbar+P.Keju+2 Orange+Gratis 2 Tempe 4 Kulit,GO FOOD,4
348,10200190,Paket 4 Chiken Skin + Es Teh,DINE IN,4
349,10200193,Paket 4 Chiken Skin + Es Teh Online,GO FOOD,4
350,10200194,Paket 4 Chiken Skin + Es Teh Online,GRABFOOD,4
351,10200192,Paket 4 Chiken Skin + Es Teh Take Away,TAKE AWAY,4
352,10200160,Paket 4 Chiken Skin + Lemon,DINE IN,4
353,10200164,Paket 4 Chiken Skin + Lemon Online,GRABFOOD,4
354,10200163,Paket 4 Chiken Skin + Lemon Online,GO FOOD,4
355,10200162,Paket 4 Chiken Skin + Lemon Take Away,TAKE AWAY,4
356,10200170,Paket 4 Chiken Skin + Milo,DINE IN,4
357,10200174,Paket 4 Chiken Skin + Milo Online,GRABFOOD,4
358,10200173,Paket 4 Chiken Skin + Milo Online,GO FOOD,4
359,10200172,Paket 4 Chiken Skin + Milo Take Away,TAKE AWAY,4
360,10200180,Paket 4 Chiken Skin + Orange,DINE IN,4
361,10200184,Paket 4 Chiken Skin + Orange Online,GRABFOOD,4
362,10200183,Paket 4 Chiken Skin + Orange Online,GO FOOD,4
363,10200182,Paket 4 Chiken Skin + Orange Take Away,TAKE AWAY,4
364,10912393,Paket Ayam Crisbar Bumbu Bali + Es Teh,GO FOOD,0
365,10912394,Paket Ayam Crisbar Bumbu Bali + Es Teh,GRABFOOD,0
366,10912364,Paket Ayam Crisbar Bumbu Bali + Lemonade/Lemontea,GRABFOOD,0
367,10912363,Paket Ayam Crisbar Bumbu Bali + Lemontea/Lemonade,GO FOOD,0
368,10912373,Paket Ayam Crisbar Bumbu Bali + Milo,GO FOOD,0
369,10912374,Paket Ayam Crisbar Bumbu Bali + Milo,GRABFOOD,0
370,10912383,Paket Ayam Crisbar Bumbu Bali + Orange,GO FOOD,0
371,10912384,Paket Ayam Crisbar Bumbu Bali + Orange,GRABFOOD,0
372,10111190,Paket Ayam Crisbar Es Teh,DINE IN,0
373,10111193,Paket Ayam Crisbar Es Teh Online,GO FOOD,0
374,10111194,Paket Ayam Crisbar Es Teh Online,GRABFOOD,0
375,10111192,Paket Ayam Crisbar Es Teh Take Away,TAKE AWAY,0
376,10111163,Paket Ayam Crisbar Lemon Tea/Lemonade Online,GO FOOD,0
377,10111160,Paket Ayam Crisbar Lemontea/Lemonade,DINE IN,0
378,10111164,Paket Ayam Crisbar LemonTea/Lemonade Online,GRABFOOD,0
379,10111162,Paket Ayam Crisbar Lemontea/Lemonade Take Away,TAKE AWAY,0
380,10910790,Paket Ayam Crisbar Matah Es Teh,DINE IN,0
381,10910792,Paket Ayam Crisbar Matah Es Teh Takeaway,TAKE AWAY,0
382,10910760,Paket Ayam Crisbar Matah Lemon,DINE IN,0
383,10910762,Paket Ayam Crisbar Matah Lemon Takeaway,TAKE AWAY,0
384,10910770,Paket Ayam Crisbar Matah Milo,DINE IN,0
385,10910772,Paket Ayam Crisbar Matah Milo Takeaway,TAKE AWAY,0
386,10910780,Paket Ayam Crisbar Matah Orange,DINE IN,0
387,10910782,Paket Ayam Crisbar Matah Orange Takeaway,TAKE AWAY,0
388,10111170,Paket Ayam Crisbar Milo,DINE IN,0
389,10111173,Paket Ayam Crisbar Milo Online,GO FOOD,0
390,10111174,Paket Ayam Crisbar Milo Online,GRABFOOD,0
391,10111172,Paket Ayam Crisbar Milo Take Away,TAKE AWAY,0
392,10111180,Paket Ayam Crisbar Orange,DINE IN,0
393,10111183,Paket Ayam Crisbar Orange Online,GO FOOD,0
394,10111184,Paket Ayam Crisbar Orange Online,GRABFOOD,0
395,10111182,Paket Ayam Crisbar Orange Take Away,TAKE AWAY,0
396,10112090,Paket Ayam Crisbee Gravy Es Teh,DINE IN,0
397,10112093,Paket Ayam Crisbee Gravy Es Teh Online,GO FOOD,0
398,10112094,Paket Ayam Crisbee Gravy Es Teh Online,GRABFOOD,0
399,10112092,Paket Ayam Crisbee Gravy Es Teh Takeaway,TAKE AWAY,0
400,10112060,Paket Ayam Crisbee Gravy Lemon,DINE IN,0
401,10112063,Paket Ayam Crisbee Gravy Lemon Online,GO FOOD,0
402,10112064,Paket Ayam Crisbee Gravy Lemon Online,GRABFOOD,0
403,10112062,Paket Ayam Crisbee Gravy Lemon Takeaway,TAKE AWAY,0
404,10112070,Paket Ayam Crisbee Gravy Milo,DINE IN,0
405,10112073,Paket Ayam Crisbee Gravy Milo Online,GO FOOD,0
406,10112074,Paket Ayam Crisbee Gravy Milo Online,GRABFOOD,0
407,10112072,Paket Ayam Crisbee Gravy Milo Takeaway,TAKE AWAY,0
408,10112080,Paket Ayam Crisbee Gravy Orange,DINE IN,0
409,10112083,Paket Ayam Crisbee Gravy Orange Online,GO FOOD,0
410,10112084,Paket Ayam Crisbee Gravy Orange Online,GRABFOOD,0
411,10112082,Paket Ayam Crisbee Gravy Orange Takeaway,TAKE AWAY,0
412,10111094,Paket Ayam Crispy Es Teh Online,GRABFOOD,0
413,10110092,Paket Ayam Crispy Es Teh Take Away,TAKE AWAY,0
414,10111064,Paket Ayam Crispy Lemon Tea/Lemonade Online,GRABFOOD,0
415,10111074,Paket Ayam Crispy Milo Online,GRABFOOD,0
416,10110072,Paket Ayam Crispy Milo Take Away,TAKE AWAY,0
417,10111084,Paket Ayam Crispy Orange Online,GRABFOOD,0
418,10110082,Paket Ayam Crispy Orange Take Away,TAKE AWAY,0
419,10111090,Paket Ayam Geprek Crispy Es Teh,DINE IN,0
420,10111093,Paket Ayam Geprek Crispy Es Teh Online,GO FOOD,0
421,10111092,Paket Ayam Geprek Crispy Es Teh Take Away,TAKE AWAY,0
422,10111063,Paket Ayam Geprek Crispy Lemon Tea/Lemonade Online,GO FOOD,0
423,10111060,Paket Ayam Geprek Crispy Lemontea/Lemonade,DINE IN,0
424,10111062,Paket Ayam Geprek Crispy Lemontea/Lemonade Take Away,TAKE AWAY,0
425,10111070,Paket Ayam Geprek Crispy Milo,DINE IN,0
426,10111073,Paket Ayam Geprek Crispy Milo Online,GO FOOD,0
427,10111072,Paket Ayam Geprek Crispy Milo Take Away,TAKE AWAY,0
428,10111080,Paket Ayam Geprek Crispy Orange,DINE IN,0
429,10111083,Paket Ayam Geprek Crispy Orange Online,GO FOOD,0
430,10111082,Paket Ayam Geprek Crispy Orange Take Away,TAKE AWAY,0
431,10111790,Paket Ayam Goang Es Teh,DINE IN,0
432,10111793,Paket Ayam Goang Es Teh Online,GO FOOD,0
433,10111794,Paket Ayam Goang Es Teh Online,GRABFOOD,0
434,10111792,Paket Ayam Goang Es Teh Take Away,TAKE AWAY,0
435,10111763,Paket Ayam Goang Lemon Tea/Lemonade,GO FOOD,0
436,10111760,Paket Ayam Goang Lemontea/Lemonade,DINE IN,0
437,10111764,Paket Ayam Goang LemonTea/Lemonade Online,GRABFOOD,0
438,10111762,Paket Ayam Goang Lemontea/Lemonade Take Away,TAKE AWAY,0
439,10111770,Paket Ayam Goang Milo,DINE IN,0
440,10111773,Paket Ayam Goang Milo Online,GO FOOD,0
441,10111774,Paket Ayam Goang Milo Online,GRABFOOD,0
442,10111772,Paket Ayam Goang Milo Take Away,TAKE AWAY,0
443,10111780,Paket Ayam Goang Orange,DINE IN,0
444,10111783,Paket Ayam Goang Orange Online,GO FOOD,0
445,10111784,Paket Ayam Goang Orange Online,GRABFOOD,0
446,10111782,Paket Ayam Goang Orange Take Away,TAKE AWAY,0
447,10111590,Paket Ayam Keju Es Teh,DINE IN,0
448,10111593,Paket Ayam Keju Es Teh online,GO FOOD,0
449,10111594,Paket Ayam Keju Es Teh Online,GRABFOOD,0
450,10111592,Paket Ayam Keju Es Teh Take Away,TAKE AWAY,0
451,10111564,Paket Ayam Keju Lemon Tea/Lemonade Online,GRABFOOD,0
452,10111563,Paket Ayam Keju Lemon Tea/Lemonade Online,GO FOOD,0
453,10111560,Paket Ayam Keju Lemontea/Lemonade,DINE IN,0
454,10111562,Paket Ayam Keju Lemontea/Lemonade Take Away,TAKE AWAY,0
455,10111570,Paket Ayam Keju Milo,DINE IN,0
456,10111574,Paket Ayam Keju Milo Online,GRABFOOD,0
457,10111573,Paket Ayam Keju Milo Online,GO FOOD,0
458,10111572,Paket Ayam Keju Milo Take Away,TAKE AWAY,0
459,10111580,Paket Ayam Keju Orange,DINE IN,0
460,10111584,Paket Ayam Keju Orange Online,GRABFOOD,0
461,10111583,Paket Ayam Keju Orange Online,GO FOOD,0
462,10111582,Paket Ayam Keju Orange Take Away,TAKE AWAY,0
463,10111390,Paket Ayam Mamah Es Teh,DINE IN,0
464,10111393,Paket Ayam Mamah Es Teh Online,GO FOOD,0
465,10111394,Paket Ayam Mamah Es Teh Online,GRABFOOD,0
466,10111392,Paket Ayam Mamah Es Teh Take Away,TAKE AWAY,0
467,10111364,Paket Ayam Mamah Lemon Tea/Lemonade Online,GRABFOOD,0
468,10111363,Paket Ayam Mamah Lemon Tea/Lemonade Online,GO FOOD,0
469,10111360,Paket Ayam Mamah Lemontea/Lemonade,DINE IN,0
470,10111362,Paket Ayam Mamah Lemontea/Lemonade Take Away,TAKE AWAY,0
471,10111370,Paket Ayam Mamah Milo,DINE IN,0
472,10111374,Paket Ayam Mamah Milo Online,GRABFOOD,0
473,10111373,Paket Ayam Mamah Milo Online,GO FOOD,0
474,10111372,Paket Ayam Mamah Milo Take Away,TAKE AWAY,0
475,10111380,Paket Ayam Mamah Orange,DINE IN,0
476,10111384,Paket Ayam Mamah Orange Online,GRABFOOD,0
477,10111383,Paket Ayam Mamah Orange Online,GO FOOD,0
478,10111382,Paket Ayam Mamah Orange Take Away,TAKE AWAY,0
479,10111690,Paket Ayam Manis Es Teh,DINE IN,0
480,10111693,Paket Ayam Manis Es Teh Online,GO FOOD,0
481,10111694,Paket Ayam Manis Es Teh Online,GRABFOOD,0
482,10111692,Paket Ayam Manis Es Teh Take Away,TAKE AWAY,0
483,10111664,Paket Ayam Manis Lemon Tea/Lemonade Online,GRABFOOD,0
484,10111663,Paket Ayam Manis Lemon Tea/Lemonade Online,GO FOOD,0
485,10111660,Paket Ayam Manis Lemontea/Lemonade,DINE IN,0
486,10111662,Paket Ayam Manis Lemontea/Lemonade Take Away,TAKE AWAY,0
487,10111670,Paket Ayam Manis Milo,DINE IN,0
488,10111674,Paket Ayam Manis Milo Online,GRABFOOD,0
489,10111673,Paket Ayam Manis Milo Online,GO FOOD,0
490,10111672,Paket Ayam Manis Milo Take Away,TAKE AWAY,0
491,10111680,Paket Ayam Manis Orange,DINE IN,0
492,10111684,Paket Ayam Manis Orange Online,GRABFOOD,0
493,10111683,Paket Ayam Manis Orange Online,GO FOOD,0
494,10111682,Paket Ayam Manis Orange Take Away,TAKE AWAY,0
495,10111290,Paket Ayam Matah Es Teh,DINE IN,0
496,10111293,Paket Ayam Matah Es Teh Online,GO FOOD,0
497,10111294,Paket Ayam Matah Es Teh Online,GRABFOOD,0
498,10111292,Paket Ayam Matah Es Teh Take Away,TAKE AWAY,0
499,10111264,Paket Ayam Matah Lemon Tea/Lemonade Online,GRABFOOD,0
500,10111263,Paket Ayam Matah Lemon Tea/Lemonade Online,GO FOOD,0
501,10111260,Paket Ayam Matah Lemontea/Lemonade,DINE IN,0
502,10111262,Paket Ayam Matah Lemontea/Lemonade Take Away,TAKE AWAY,0
503,10111270,Paket Ayam Matah Milo,DINE IN,0
504,10111274,Paket Ayam Matah Milo Online,GRABFOOD,0
505,10111273,Paket Ayam Matah Milo Online,GO FOOD,0
506,10111272,Paket Ayam Matah Milo Take Away,TAKE AWAY,0
507,10111280,Paket Ayam Matah Orange,DINE IN,0
508,10111284,Paket Ayam Matah Orange Online,GRABFOOD,0
509,10111283,Paket Ayam Matah Orange Online,GO FOOD,0
510,10111282,Paket Ayam Matah Orange Take Away,TAKE AWAY,0
511,10112182,Paket Ayam Saos  BBQ Cheese Orange Take Away,TAKE AWAY,0
512,10112190,Paket Ayam Saos BBQ Cheese Es Teh,DINE IN,0
513,10112192,Paket Ayam Saos BBQ Cheese Es Teh Take Away,TAKE AWAY,0
514,10112170,Paket Ayam Saos BBQ Cheese Milo,DINE IN,0
515,10112172,Paket Ayam Saos BBQ Cheese Milo Take Away,TAKE AWAY,0
516,10112180,Paket Ayam Saos BBQ Cheese Orange,DINE IN,0
517,10112290,Paket Ayam Saos Gravy Es Teh,DINE IN,0
518,10112292,Paket Ayam Saos Gravy Es Teh Take Away,TAKE AWAY,0
519,10112270,Paket Ayam Saos Gravy Milo,DINE IN,0
520,10112272,Paket Ayam Saos Gravy Milo Take Away,TAKE AWAY,0
521,10112280,Paket Ayam Saos Gravy Orange,DINE IN,0
522,10112282,Paket Ayam Saos Gravy Orange Take Away,TAKE AWAY,0
523,10111490,Paket Ayam Tomat Es Teh,DINE IN,0
524,10111493,Paket Ayam Tomat Es Teh Online,GO FOOD,0
525,10111494,Paket Ayam Tomat Es Teh Online,GRABFOOD,0
526,10111492,Paket Ayam Tomat Es Teh Take Away,TAKE AWAY,0
527,10111463,Paket Ayam Tomat Lemon Tea/Lemonade Online,GO FOOD,0
528,10111460,Paket Ayam Tomat Lemontea/Lemonade,DINE IN,0
529,10111464,Paket Ayam Tomat LemonTea/Lemonade Online,GRABFOOD,0
530,10111462,Paket Ayam Tomat Lemontea/Lemonade Take Away,TAKE AWAY,0
531,10111470,Paket Ayam Tomat Milo,DINE IN,0
532,10111474,Paket Ayam Tomat Milo Online,GRABFOOD,0
533,10111473,Paket Ayam Tomat Milo Online,GO FOOD,0
534,10111472,Paket Ayam Tomat Milo Take Away,TAKE AWAY,0
535,10111480,Paket Ayam Tomat Orange,DINE IN,0
536,10111484,Paket Ayam Tomat Orange Online,GRABFOOD,0
537,10111483,Paket Ayam Tomat Orange Online,GO FOOD,0
538,10111482,Paket Ayam Tomat Orange Take Away,TAKE AWAY,0
539,10005,Paket Crisbar + Terong Crispy + Es Teh Manis,SURPLUS,0
540,10111993,Paket Crisbar Madu Es Teh Online,GRABFOOD,0
541,10002,Paket Keluarga Crispy,GRABFOOD,0
542,10011,Paket Puassya Crisbar,GRABFOOD,0
543,10012,Paket Puassya Crisbar Lemonade,GRABFOOD,0
544,10010,Paket Puassya Milo,GRABFOOD,0
545,10006,Paket Sambal Tomat + Tempe Crispy + Es Teh Manis,SURPLUS,0
546,10200290,Paket Side Dish Es Teh,DINE IN,0
547,10200293,Paket Side Dish Es Teh Online,GO FOOD,0
548,10200294,Paket Side Dish Es Teh Online,GRABFOOD,0
549,10200292,Paket Side Dish Es Teh Take Away,TAKE AWAY,0
550,10200260,Paket Side Dish Lemon,DINE IN,0
551,10200264,Paket Side Dish Lemon Online,GRABFOOD,0
552,10200263,Paket Side Dish Lemon Online,GO FOOD,0
553,10200262,Paket Side Dish Lemon Take Away,TAKE AWAY,0
554,10200270,Paket Side Dish Milo,DINE IN,0
555,10200274,Paket Side Dish Milo Online,GRABFOOD,0
556,10200273,Paket Side Dish Milo Online,GO FOOD,0
557,10200272,Paket Side Dish Milo Take Away,TAKE AWAY,0
558,10200280,Paket Side Dish Orange,DINE IN,0
559,10200284,Paket Side Dish Orange Online,GRABFOOD,0
560,10200283,Paket Side Dish Orange Online,GO FOOD,0
561,10200282,Paket Side Dish Orange Take Away,TAKE AWAY,0
562,20012000,Paper Bag,TAKE AWAY,0
563,70000090,Perkedel,DINE IN,0
564,70000093,Perkedel Online,GO FOOD,0
565,70000094,Perkedel Online,GRABFOOD,0
566,70000092,Perkedel Takeaway,TAKE AWAY,0
567,10910194,Promo Ayam Crisbar+Ayam Keju+2 Nasi+2 Es Teh+2 Tempe+4 Kulit,GRABFOOD,4
568,10911794,Promo Ayam Geprek Crispy + Nasi + Es Teh + 2 Chiken Skin,GRABFOOD,2
569,10911594,Promo Ayam Geprek Keju + Nasi + Es Teh + 2 Chiken Skin,GRABFOOD,2
570,10911694,Promo Ayam Geprek Manis + Nasi + Es Teh + 2 Chiken Skin,GRABFOOD,2
571,10910594,Promo Ayam Keju+Ayam Crispy+2 Nasi+2 Es Teh+2 Terong+4 Kulit,GRABFOOD,4
572,10910694,Promo Ayam Manis+Ayam Crispy+2 Nasi+2 Es Teh+2 Tahu+4 Kulit,GRABFOOD,4
573,10900194,Promo Paket Nasi Kulit Chiken Skin + Minum,GRABFOOD,2
574,10900294,Promo Paket Nasi Telur Tahu Tempe + Minum,GRABFOOD,0
575,10912990,Puass Crisbar Es Teh + Chicken Skin + Sigulmer,DINE IN,2
576,10912992,Puass Crisbar Es Teh + Chicken Skin + Sigulmer,TAKE AWAY,2
577,10912994,Puass Crisbar Es Teh + Chicken Skin + Sigulmer,GRABFOOD,2
578,10912993,Puass Crisbar Es Teh + Chicken Skin + Sigulmer,GO FOOD,2
579,10912964,Puass Crisbar Lemon Tea + Chicken Skin + Sigulmer,GRABFOOD,2
580,10912963,Puass Crisbar Lemon Tea + Chicken Skin + Sigulmer,GO FOOD,2
581,10912960,Puass Crisbar Lemon Tea + Chicken Skin + Sigulmer,DINE IN,2
582,10912962,Puass Crisbar Lemon Tea + Chicken Skin + Sigulmer,TAKE AWAY,2
583,10912970,Puass Crisbar Milo + Chicken Skin + Sigulmer,DINE IN,2
584,10912972,Puass Crisbar Milo + Chicken Skin + Sigulmer,TAKE AWAY,2
585,10912973,Puass Crisbar Milo + Chicken Skin + Sigulmer,GO FOOD,2
586,10912974,Puass Crisbar Milo + Chicken Skin + Sigulmer,GRABFOOD,2
587,10912984,Puass Crisbar Orange + Chicken Skin + Sigulmer,GRABFOOD,2
588,10912983,Puass Crisbar Orange + Chicken Skin + Sigulmer,GO FOOD,2
589,10912980,Puass Crisbar Orange + Chicken Skin + Sigulmer,DINE IN,2
590,10912982,Puass Crisbar Orange + Chicken Skin + Sigulmer,TAKE AWAY,2
591,10913090,Puass Crisbee Es Teh + Chicken Skin + Sigulmer + Es Teh,DINE IN,2
592,10913092,Puass Crisbee Es Teh + Chicken Skin + Sigulmer + Es Teh,TAKE AWAY,2
593,10913093,Puass Crisbee Es Teh + Chicken Skin + Sigulmer + Es Teh,GO FOOD,2
594,10913094,Puass Crisbee Es Teh + Chicken Skin + Sigulmer + Es Teh,GRABFOOD,2
595,10913063,Puass Crisbee Lemon Tea + Chicken Skin + Sigulmer,GO FOOD,2
596,10913064,Puass Crisbee Lemon Tea + Chicken Skin + Sigulmer,GRABFOOD,2
597,10913060,Puass Crisbee Lemon Tea + Chicken Skin + Sigulmer,DINE IN,2
598,10913062,Puass Crisbee Lemon Tea + Chicken Skin + Sigulmer,TAKE AWAY,2
599,10913070,Puass Crisbee Milo + Chicken Skin + Sigulmer,DINE IN,2
600,10913072,Puass Crisbee Milo + Chicken Skin + Sigulmer,TAKE AWAY,2
601,10913073,Puass Crisbee Milo + Chicken Skin + Sigulmer,GO FOOD,2
602,10913074,Puass Crisbee Milo + Chicken Skin + Sigulmer,GRABFOOD,2
603,10913083,Puass Crisbee Orange + Chicken Skin + Sigulmer,GO FOOD,2
604,10913084,Puass Crisbee Orange + Chicken Skin + Sigulmer,GRABFOOD,2
605,10913080,Puass Crisbee Orange + Chicken Skin + Sigulmer,DINE IN,2
606,10913082,Puass Crisbee Orange + Chicken Skin + Sigulmer,TAKE AWAY,2
607,50000022,Pudding Milo Dino,TAKE AWAY,0
608,50000020,Pudding Milo Dino,DINE IN,0
609,50000023,Pudding Milo Dino Online,GO FOOD,0
610,50000024,Pudding Milo Dino Online,GRABFOOD,0
611,10211192,Rakasa Crispy+Tahu+Tempe+Terong+Telur+Kulit+Es Teh Take Away,TAKE AWAY,2
612,10211093,Raksasa Crisbar + Tahu + Tempe + Terong + Telur + Kulit + Es Teh,GO FOOD,2
613,10211073,Raksasa Crisbar + Tahu + Tempe + Terong + Telur + Kulit + Milo,GO FOOD,2
614,10211074,Raksasa Crisbar + Tahu + Tempe + Terong + Telur + Kulit+ Milo,GRABFOOD,2
615,10211094,Raksasa Crisbar + Tahu + Tempe + Terong+ Telur + Kulit+ Es Teh,GRABFOOD,2
616,10211090,Raksasa Crisbar + Tahu + Tempe + Terong+ Telur + Kulit+ Es Teh,DINE IN,2
617,10211064,Raksasa Crisbar + Tahu + Tempe + Terong+ Telur + Kulit+ Lemon,GRABFOOD,2
618,10211063,Raksasa Crisbar + Tahu + Tempe + Terong+ Telur + Kulit+ Lemon,GO FOOD,2
619,10211083,Raksasa Crisbar + Tahu + Tempe + Terong+ Telur + Kulit+ Orange,GO FOOD,2
620,10211084,Raksasa Crisbar + Tahu + Tempe + Terong+ Telur + Kulit+ Orange,GRABFOOD,2
621,10910394,Raksasa Crisbar Juara Es Teh,GRABFOOD,2
622,10910364,Raksasa Crisbar Juara Lemon,GRABFOOD,2
623,10910374,Raksasa Crisbar Juara Milo,GRABFOOD,2
624,10910384,Raksasa Crisbar Juara Orange,GRABFOOD,2
625,10211092,Raksasa Crisbar+Tahu+Tempe+Terong+Telur+Kulit+Es Teh Take Away,TAKE AWAY,2
626,10211193,Raksasa Crispy + Tahu + Tempe + Terong + Telur + Kulit + Es Teh,GO FOOD,2
627,10211173,Raksasa Crispy + Tahu + Tempe + Terong + Telur + Kulit + Milo,GO FOOD,2
628,10211183,Raksasa Crispy + Tahu + Tempe + Terong + Telur + Kulit + Orange,GO FOOD,2
629,10211174,Raksasa Crispy + Tahu + Tempe + Terong + Telur + Kulit+ Milo,GRABFOOD,2
630,10211194,Raksasa Crispy + Tahu + Tempe + Terong+ Telur + Kulit+ Es Teh,GRABFOOD,2
631,10211190,Raksasa Crispy + Tahu + Tempe + Terong+ Telur + Kulit+ Es Teh,DINE IN,2
632,10211164,Raksasa Crispy + Tahu + Tempe + Terong+ Telur + Kulit+ Lemon,GRABFOOD,2
633,10211163,Raksasa Crispy + Tahu + Tempe + Terong+ Telur + Kulit+ Lemon,GO FOOD,2
634,10211184,Raksasa Crispy + Tahu + Tempe + Terong+ Telur + Kulit+ Orange,GRABFOOD,2
635,10211393,Raksasa Keju + Tahu + Tempe + Terong + Telur + Kulit + Es Teh,GO FOOD,2
636,10211373,Raksasa Keju + Tahu + Tempe + Terong + Telur + Kulit + Milo,GO FOOD,2
637,10211383,Raksasa Keju + Tahu + Tempe + Terong + Telur + Kulit + Orange,GO FOOD,2
638,10211394,Raksasa Keju + Tahu + Tempe + Terong+ Telur + Kulit+ Es Teh,GRABFOOD,2
639,10211364,Raksasa Keju + Tahu + Tempe + Terong+ Telur + Kulit+ Lemon,GRABFOOD,2
640,10211363,Raksasa Keju + Tahu + Tempe + Terong+ Telur + Kulit+ Lemon,GO FOOD,2
641,10211374,Raksasa Keju + Tahu + Tempe + Terong+ Telur + Kulit+ Milo,GRABFOOD,2
642,10211384,Raksasa Keju + Tahu + Tempe + Terong+ Telur + Kulit+ Orange,GRABFOOD,2
643,10211293,Raksasa Manis + Tahu + Tempe + Terong + Telur + Kulit + Es Teh,GO FOOD,2
644,10211294,Raksasa Manis + Tahu + Tempe + Terong + Telur + Kulit+ Es Teh,GRABFOOD,2
645,10211264,Raksasa Manis + Tahu + Tempe + Terong + Telur + Kulit+ Lemon,GRABFOOD,2
646,10211263,Raksasa Manis + Tahu + Tempe + Terong + Telur + Kulit+ Lemon,GO FOOD,2
647,10211274,Raksasa Manis + Tahu + Tempe + Terong + Telur + Kulit+ Milo,GRABFOOD,2
648,10211284,Raksasa Manis + Tahu + Tempe + Terong + Telur + Kulit+ Orange,GRABFOOD,2
649,10211273,Raksasa Manis + Tahu + Tempe + Terong+ Telur + Kulit+ Milo,GO FOOD,2
650,10211283,Raksasa Manis + Tahu + Tempe + Terong+ Telur + Kulit+ Orange,GO FOOD,2
651,9000200,Saus gravy,DINE IN,0
652,9000202,Saus gravy,TAKE AWAY,0
653,9000203,Saus gravy online,GO FOOD,0
654,9000204,Saus gravy online,GRABFOOD,0
655,50000010,Sigulmer Silky Puding,DINE IN,0
656,50000013,Sigulmer Silky Puding Online,GO FOOD,0
657,50000014,Sigulmer Silky Puding Online,GRABFOOD,0
658,50000012,Sigulmer Silky Puding Takeaway,TAKE AWAY,0
659,80000044,Sjora Mango Peach Online,GRABFOOD,0
660,10910190,Spesial Berdua,DINE IN,2
661,70000020,Tahu Crispy,DINE IN,0
662,70000023,Tahu Crispy Online,GO FOOD,0
663,70000024,Tahu Crispy Online,GRABFOOD,0
664,70000022,Tahu Crispy Take Away,TAKE AWAY,0
665,10004,Tambah Cabe,-,0
666,10007,Tambah Cabe 1000,-,0
667,70000040,Telur Sayur,DINE IN,0
668,70000043,Telur Sayur Online,GO FOOD,0
669,70000044,Telur Sayur Online,GRABFOOD,0
670,70000042,Telur Sayur Take Away,TAKE AWAY,0
671,70000010,Tempe Crispy,DINE IN,0
672,70000013,Tempe Crispy Online,GO FOOD,0
673,70000014,Tempe Crispy Online,GRABFOOD,0
674,70000012,Tempe Crispy Take Away,TAKE AWAY,0
675,70000030,Terong Crispy,DINE IN,0
676,70000033,Terong Crispy Online,GO FOOD,0
677,70000034,Terong Crispy Online,GRABFOOD,0
678,70000032,Terong Crispy Take Away,TAKE AWAY,0
679,9000210,Topping BBQ Cheese,DINE IN,0
680,9000212,Topping BBQ Cheese Take Away,TAKE AWAY,0
681,9000220,Topping BBQ Gravy,DINE IN,0
682,90000100,Topping Crisbar,DINE IN,0
683,90000103,Topping Crisbar Online,GO FOOD,0
684,90000104,Topping Crisbar Online,GRABFOOD,0
685,90000102,Topping Crisbar Take Away,TAKE AWAY,0
686,90000704,Topping Goang Online,GRABFOOD,0
687,90000703,Topping Goang Online,GO FOOD,0
688,90000702,Topping Goang Take Away,TAKE AWAY,0
689,90000500,Topping Keju,DINE IN,0
690,90000503,Topping Keju Online,GO FOOD,0
691,90000504,Topping Keju Online,GRABFOOD,0
692,90000502,Topping Keju Take Away,TAKE AWAY,0
693,90000300,Topping Mamah,DINE IN,0
694,90000303,Topping Mamah Online,GO FOOD,0
695,90000304,Topping Mamah Online,GRABFOOD,0
696,90000302,Topping Mamah Take Away,TAKE AWAY,0
697,90000600,Topping Manis,DINE IN,0
698,90000603,Topping Manis Online,GO FOOD,0
699,90000604,Topping Manis Online,GRABFOOD,0
700,90000602,Topping Manis Take Away,TAKE AWAY,0
701,90000200,Topping Matah,DINE IN,0
702,90000203,Topping Matah Online,GO FOOD,0
703,90000204,Topping Matah Online,GRABFOOD,0
704,90000202,Topping Matah Take Away,TAKE AWAY,0
705,90000400,Topping Tomat,DINE IN,0
706,90000403,Topping Tomat Online,GO FOOD,0
707,90000404,Topping Tomat Online,GRABFOOD,0
708,90000402,Topping Tomat Take Away,TAKE AWAY,0
709,60000010,Tote Bag,DINE IN,0
710,60000012,Tote Bag,TAKE AWAY,0
711,60000020,Tumbler,DINE IN,0
712,60000022,Tumbler,TAKE AWAY,0
713,90900200,VOUCHER Upgrade Bantai (Free Sambal Matah),DINE IN,0
714,70900050,VOUCHER Upgrade Crisbar (Free 2 Chiken Skin),DINE IN,2
